fit_scheme,num_demos,layer,cosine_deployed_vs_control,deployed_direction_l2,control_direction_l2,deployed_pc1_l2,control_pc1_l2,deployed_pc1_share_of_direction_norm,control_pc1_share_of_direction_norm,deployed_pc1_explained_variance,control_pc1_explained_variance,deployed_cosine_pc1_with_mean,control_cosine_pc1_with_mean,deployed_pc1_sign,control_pc1_sign,pc1_sign_agrees_between_arms
global,50,0,0.9699630681218938,0.14003022781290853,0.14192323841544868,0.0005522226104464194,0.001525009662423069,0.0039435957440862885,0.01074531330773994,0.6812575648447721,0.3553803244566516,-0.06494412320537353,0.13422500450002758,-1,1,False
global,50,1,0.9703990104310758,0.19379508896908917,0.19329915678233298,0.0008597795757242016,0.0021738999456923863,0.004436539544411978,0.011246298131245005,0.6812575648447721,0.3553803244566516,-0.04792210511616593,-0.010384364930674374,-1,-1,True
global,50,2,0.9669347927644809,0.2538101342220653,0.2508814933278549,0.001055855727715622,0.002648592963551622,0.004160021942984458,0.01055714763340638,0.6812575648447721,0.3553803244566516,-0.15099067034175967,-0.0121196433065205,-1,-1,True
global,50,3,0.9530024373370675,0.29472400258288245,0.3022959919371758,0.0013366624894702306,0.0031201873637826875,0.00453530244485036,0.010321629948805724,0.6812575648447721,0.3553803244566516,-0.16473020103282818,-0.08972935129762998,-1,-1,True
global,50,4,0.9464310616359869,0.37859838504848675,0.3948223430514034,0.0017282107190733059,0.004111957247720033,0.00456475988098041,0.010414702511363907,0.6812575648447721,0.3553803244566516,-0.08765975367560404,-0.09556366924501283,-1,-1,True
global,50,5,0.9528985862382644,0.5484736684477903,0.5388351939826342,0.0021733627280732227,0.004825114545874056,0.0039625653027682345,0.008954713054673933,0.6812575648447721,0.3553803244566516,-0.10834982787664267,0.03868654686382259,-1,1,False
global,50,6,0.9511680901653558,0.5861809729387438,0.580119542291949,0.002314805415015881,0.005063460322961023,0.003948960341395761,0.00872830503684843,0.6812575648447721,0.3553803244566516,-0.13083838194129907,0.04574098745155583,-1,1,False
global,50,7,0.9414549031686841,0.6784060221806456,0.6565443580245741,0.0027879354700624305,0.0060626697816595805,0.004109538210024999,0.00923421198820607,0.6812575648447721,0.3553803244566516,-0.073439591540204,0.057946347844210495,-1,1,False
global,50,8,0.9218532159016077,0.7812158642566855,0.7411250825668722,0.003347112084597325,0.007212253466341951,0.004284490673755133,0.009731492882905073,0.6812575648447721,0.3553803244566516,-0.04527983297813415,0.07250500985092716,-1,1,False
global,50,9,0.9531735793185417,1.1917080693125426,1.111770383517207,0.004052413323546271,0.009796964631228772,0.003400508419720591,0.008812039587018863,0.6812575648447721,0.3553803244566516,-0.22269152501744416,-0.09127125374776089,-1,-1,True
global,50,10,0.9482933799232849,1.2295933357198439,1.162792855537497,0.004193156001737472,0.009404640914435854,0.003410197404235818,0.008087976177053988,0.6812575648447721,0.3553803244566516,-0.28951036304897443,-0.0817892279533094,-1,-1,True
global,50,11,0.9440363639511905,1.4207590484437227,1.3455509310736766,0.004795241721817074,0.010809706108689709,0.003375126645907839,0.008033665511318958,0.6812575648447721,0.3553803244566516,-0.3232723240994988,-0.09333304767768515,-1,-1,True
global,50,12,0.9268704566374149,1.5306606841778099,1.382684688375665,0.005147193341377125,0.011469961324911173,0.003362726562838403,0.008295428033115582,0.6812575648447721,0.3553803244566516,-0.3169655691300201,-0.11728215396172106,-1,-1,True
global,50,13,0.8976504559540364,1.5885360083624174,1.4408477723180138,0.00576751491070154,0.012536260001550201,0.003630710843405513,0.0087006137930741,0.6812575648447721,0.3553803244566516,-0.26240962861892325,-0.08944604328094911,-1,-1,True
global,50,14,0.8957562527969735,1.9970986822080308,1.7218654069434838,0.006676823117929548,0.014264560219292665,0.003343261490988279,0.008284364249244057,0.6812575648447721,0.3553803244566516,-0.12183261876611569,-0.09126838704107272,-1,-1,True
global,50,15,0.8381299174427763,2.243100226503948,1.8913590080128329,0.007978914255794972,0.01599431996012233,0.003557092171592685,0.008456522475300368,0.6812575648447721,0.3553803244566516,0.017214461430391514,-0.13046702370501778,1,-1,False
global,50,16,0.7888025409447803,2.43239538986134,1.9221118610968115,0.010048087688208023,0.01938586024754949,0.004130943402577662,0.010085708662391463,0.6812575648447721,0.3553803244566516,0.13207023075241062,-0.07697920256764183,1,-1,False
global,50,17,0.7116110648731957,3.3116413922541006,2.167736878267644,0.01716119481177571,0.029893962461328437,0.00518208126396644,0.013790401760022794,0.6812575648447721,0.3553803244566516,0.4670996659645018,0.05416023513620727,1,1,True
global,50,18,0.6732394375547112,8.891280402200648,3.120067415773922,0.059805136483572816,0.06772064222143763,0.0067262681839131595,0.02170486505485964,0.6812575648447721,0.3553803244566516,0.8709660360163521,0.4433688553123024,1,1,True
global,50,19,0.6861612464818007,12.94505836640666,3.776332185454871,0.0983589539508496,0.10865544505334461,0.007598185436235501,0.02877274554178467,0.6812575648447721,0.3553803244566516,0.9136765518774743,0.58698148227611,1,1,True
global,50,20,0.6156395306003969,18.984318092000287,4.659242818564287,0.15205883311314125,0.16174214217877872,0.008009707400405212,0.03471425475708914,0.6812575648447721,0.3553803244566516,0.9208347679106302,0.6461953059232437,1,1,True
global,50,21,0.5947280550199123,24.71537654980899,5.631400196157013,0.20821064983779594,0.21380202284340594,0.008424336542807198,0.03796605025324057,0.6812575648447721,0.3553803244566516,0.9143532742055162,0.6942169079618629,1,1,True
global,50,22,0.5615241257933452,32.33668967884685,6.799201967208743,0.2751561478174833,0.2685477008172149,0.008509100670173965,0.03949694421674328,0.6812575648447721,0.3553803244566516,0.9188177353925011,0.7023530890938117,1,1,True
global,50,23,0.5431334393303188,39.56123371760433,8.272616421190666,0.345441598823928,0.3355798779958777,0.008731820683089824,0.04056514419504273,0.6812575648447721,0.3553803244566516,0.9203341919150372,0.7061020761281693,1,1,True
global,50,24,0.5144882226471013,46.97984458342964,9.544529905251304,0.41008325737053747,0.39979161113281336,0.008728918986572782,0.041886988159872816,0.6812575648447721,0.3553803244566516,0.9239703931620658,0.6776397354588314,1,1,True
global,50,25,0.5149803509026837,53.294862569162156,11.711563883897274,0.4643964634926244,0.4739922547885691,0.008713719129868566,0.040472157218924554,0.6812575648447721,0.3553803244566516,0.9109952645981857,0.7200960234339788,1,1,True
global,50,26,0.5273006753599017,60.18712157470291,13.14433534970823,0.5186711675149982,0.5256504747739641,0.008617643674340451,0.03999064698129694,0.6812575648447721,0.3553803244566516,0.9094454720434532,0.7475777337556271,1,1,True
global,50,27,0.4299891007012393,32.90952445431379,6.392809892929538,0.2678192300374708,0.25238339237402796,0.008138046188095709,0.039479258198052244,0.6812575648447721,0.3553803244566516,0.8975383806366317,0.6770776214099643,1,1,True
global,100,0,0.9968862462722542,0.19517884098849037,0.19295875813343752,0.0008454967538064512,0.0009991124479876747,0.0043319078519187945,0.005177854882838511,0.7073857356181967,0.4623872691478391,0.6688777875550658,-0.3769287290177169,1,-1,False
global,100,1,0.9959179867061877,0.30390696830003205,0.29964285675593055,0.001358645784456879,0.001668087708016356,0.00447059767025663,0.0055669196525351215,0.7073857356181967,0.4623872691478391,0.7475344446690768,-0.37806704333174584,1,-1,False
global,100,2,0.9945989789520991,0.3443150492931721,0.3455924089375417,0.0015283786936745338,0.002007160202872169,0.004438895996013156,0.005807882786091288,0.7073857356181967,0.4623872691478391,0.6363175371430536,-0.20511372531129815,1,-1,False
global,100,3,0.9938955279411548,0.4054519549422669,0.408058998868083,0.0017760205820659429,0.002309485127462162,0.004380347807963669,0.005659684344343477,0.7073857356181967,0.4623872691478391,0.5535620618907863,-0.07572206352517556,1,-1,False
global,100,4,0.9903580107783613,0.48052873747412217,0.48114303587595786,0.0022790492611336963,0.0027517516696053098,0.004742794932751404,0.005719196713708086,0.7073857356181967,0.4623872691478391,0.25562738864898776,0.08876002249153722,1,1,True
global,100,5,0.9721929941666045,0.6787017669623685,0.6425938481543765,0.0024596414534619635,0.003584609318610037,0.0036240386767673488,0.005578343659693536,0.7073857356181967,0.4623872691478391,0.22034724086887553,0.04995551646041729,1,1,True
global,100,6,0.9683047829329136,0.7148332751332132,0.6689442662693132,0.0025989094255047633,0.0038601901829302043,0.003635686132574679,0.005770570700094936,0.7073857356181967,0.4623872691478391,0.2651073876934026,-0.02269584048889024,1,-1,False
global,100,7,0.9665202779184157,0.8204716394495702,0.7570457827453293,0.0028633951834956,0.004645343289118183,0.003489938037854137,0.006136145785361148,0.7073857356181967,0.4623872691478391,0.21786002819406103,-0.12093474448958612,1,-1,False
global,100,8,0.9654371936620951,0.975513930848787,0.8819559770012461,0.0031797157375905646,0.005776315925766737,0.003259528784815937,0.006549437927057187,0.7073857356181967,0.4623872691478391,0.20987460382607404,-0.11838401988439713,1,-1,False
global,100,9,0.9671466773542506,1.345172890058817,1.2013241034047237,0.0038515893368374007,0.00623533488484428,0.002863267142314318,0.005190385231739255,0.7073857356181967,0.4623872691478391,0.09220875224633902,-0.12793262794737473,1,-1,False
global,100,10,0.9633021700039477,1.4098871276323734,1.2578267334365225,0.0036535797318305676,0.00660604944942693,0.0025913987440725358,0.005251955037859998,0.7073857356181967,0.4623872691478391,0.17787849370427333,-0.2144483053324817,1,-1,False
global,100,11,0.9658795020294793,1.722067861900713,1.511483656595354,0.004131993857318251,0.0076040427048649824,0.0023994372978760597,0.005030846791948274,0.7073857356181967,0.4623872691478391,0.2307541211500325,-0.2745071397624003,1,-1,False
global,100,12,0.956713296500083,1.808378332458373,1.553856278669992,0.004132540807665764,0.00853596283438649,0.0022852191565731947,0.005493405633172691,0.7073857356181967,0.4623872691478391,0.24132175213678284,-0.2645881256883936,1,-1,False
global,100,13,0.9457055076813382,1.9871659542565192,1.739160868665462,0.004477111892514524,0.009142277252440396,0.002253013585968765,0.0052567174303178085,0.7073857356181967,0.4623872691478391,0.25404058644656213,-0.18996976172633864,1,-1,False
global,100,14,0.9449856585921182,2.4768081849750185,2.051019435632966,0.005048462422527761,0.010669949849417285,0.002038293660830534,0.005202266572439587,0.7073857356181967,0.4623872691478391,0.27016444023102554,-0.25405700374276424,1,-1,False
global,100,15,0.902148147162841,2.783389795049182,2.251190118478217,0.006606116063551777,0.014179065657488683,0.0023734067270427166,0.006298475433551386,0.7073857356181967,0.4623872691478391,0.38203479149858643,-0.20240640552652442,1,-1,False
global,100,16,0.8407851843397849,3.036687652183393,2.2744208366917946,0.008797076067219878,0.017670750187992638,0.002896931484176431,0.007769340617585624,0.7073857356181967,0.4623872691478391,0.5041598977308851,-0.18379643079174499,1,-1,False
global,100,17,0.6831238935056615,4.060853856457095,2.479251458582616,0.017045976091282597,0.02924248965639502,0.004197633476560127,0.011794886539307678,0.7073857356181967,0.4623872691478391,0.6592278127534142,-0.09745004080310438,1,-1,False
global,100,18,0.5858201549549887,10.547240140403293,3.3734327782425457,0.05923683778922791,0.06896933165961384,0.005616335363628393,0.020444851340877982,0.7073857356181967,0.4623872691478391,0.9080458189575237,-0.3818237016598602,1,-1,False
global,100,19,0.5626405465629116,15.022136426545934,3.960963878958387,0.09243638381491781,0.11043690799210028,0.006153344716772212,0.027881321659803126,0.7073857356181967,0.4623872691478391,0.940573017284806,-0.48144447381445366,1,-1,False
global,100,20,0.45811832892883364,22.158133438358696,4.802583616064142,0.14314050794528388,0.16308755232601072,0.006459953332417815,0.03395829523519379,0.7073857356181967,0.4623872691478391,0.9502064260338289,-0.5503318225981302,1,-1,False
global,100,21,0.3876087459653744,29.150958371569068,5.830826082800756,0.19555151108543625,0.21728536192436737,0.006708236092716514,0.03726493619236837,0.7073857356181967,0.4623872691478391,0.9505973436152354,-0.5903537916456489,1,-1,False
global,100,22,0.266332251313792,39.06602906519805,6.983058103993157,0.27015725813186503,0.2695300910523552,0.006915401042706295,0.038597715648138235,0.7073857356181967,0.4623872691478391,0.9560696749297763,-0.5500651874606156,1,-1,False
global,100,23,0.23186502511862628,48.20127424545652,8.503887507133625,0.3405187389322495,0.33535513925838706,0.007064517365209427,0.03943550981560715,0.7073857356181967,0.4623872691478391,0.9575502062935178,-0.5245245866975475,1,-1,False
global,100,24,0.16506830773099804,57.73178062126073,9.847620351565856,0.41066361072342933,0.3956287388033466,0.0071133023493163364,0.04017506003269493,0.7073857356181967,0.4623872691478391,0.9607899874025185,-0.47250191965175053,1,-1,False
global,100,25,0.20813138975659232,65.6665817480794,11.758532340855677,0.46733623610018954,0.47268852806535605,0.007116804676891197,0.04019961967727668,0.7073857356181967,0.4623872691478391,0.9550748443976402,-0.5310004239233332,1,-1,False
global,100,26,0.24088015094346837,74.14931151061745,12.98360964522185,0.524941476217926,0.5242045501560904,0.00707951922308489,0.04037433075084824,0.7073857356181967,0.4623872691478391,0.9541594715119288,-0.5734735232975365,1,-1,False
global,100,27,0.1667690362458085,41.146192372346775,6.54598312445732,0.27767575525090915,0.25980238680734197,0.0067485164298587055,0.03968882624164729,0.7073857356181967,0.4623872691478391,0.9530280635104071,-0.48311334645270765,1,-1,False
global,200,0,0.9961944929786312,0.1686701693124751,0.16694523520798005,0.00036281130622168293,0.0004877466649269568,0.0021510105058918016,0.0029215967998087694,0.6488517945180334,0.3770052322024377,0.5696757127301268,-0.2068173894514536,1,-1,False
global,200,1,0.9929529061362117,0.25938369562755387,0.2572612284040375,0.0006119100260052395,0.0008181898465708094,0.0023590920953022207,0.0031803853680035087,0.6488517945180334,0.3770052322024377,0.6825869592772138,-0.20309552322361182,1,-1,False
global,200,2,0.9905438951922657,0.29324368108273047,0.29611212296303774,0.0006706212274754555,0.0011004309600080716,0.002286907683737126,0.0037162644642733294,0.6488517945180334,0.3770052322024377,0.5608181945819043,-0.06918882544844494,1,-1,False
global,200,3,0.990257417052392,0.34529602505439444,0.34709584208566024,0.0008244935243829925,0.0014371134938416259,0.002387787476711063,0.0041403938612637105,0.6488517945180334,0.3770052322024377,0.4624939800612784,-0.07855407948434216,1,-1,False
global,200,4,0.9798134667866985,0.42264096754588015,0.41554704009639526,0.0009591263058035015,0.002461941197009774,0.0022693642582090265,0.005924578830927715,0.6488517945180334,0.3770052322024377,0.3565537558358725,-0.05217806790667321,1,-1,False
global,200,5,0.959520466977678,0.6082579025222085,0.5628549978782417,0.0011766483142979058,0.0030245834374181767,0.0019344562716222902,0.005373645874727513,0.6488517945180334,0.3770052322024377,0.22340046453913845,0.04698609805754473,1,1,True
global,200,6,0.9570364191726041,0.6543719275077297,0.5981681104817103,0.0012386337108836831,0.0030240522367718722,0.0018928588755345896,0.005055522325214855,0.6488517945180334,0.3770052322024377,0.18908662715655375,0.08142772136186155,1,1,True
global,200,7,0.9501990349796516,0.7464373621403833,0.6664733835388443,0.001460359654084299,0.0036716191413086728,0.0019564396534181624,0.005509025914603052,0.6488517945180334,0.3770052322024377,0.11651584196880807,0.15262954510246218,1,1,True
global,200,8,0.9529935349054611,0.8831798712223474,0.782334430994475,0.0018120197756705003,0.004214516114303488,0.002051699585456596,0.0053871029413164765,0.6488517945180334,0.3770052322024377,0.09735880222122134,0.18987689475811473,1,1,True
global,200,9,0.9547875987770866,1.1367192652577462,1.0260944993734598,0.0020545375714612897,0.005141951186547431,0.0018074274222804098,0.005011186776351633,0.6488517945180334,0.3770052322024377,0.04502973060190831,0.2331677854168213,1,1,True
global,200,10,0.94645256210449,1.1155621332793426,1.0024899130667995,0.002133423566750308,0.0055554256786376115,0.0019124202078093372,0.00554162750789437,0.6488517945180334,0.3770052322024377,0.10240517230089737,0.2333968559060258,1,1,True
global,200,11,0.9455486134404059,1.3188031155120785,1.166386577376362,0.002554127638212879,0.006844974899122287,0.0019367012468886502,0.005868530238507362,0.6488517945180334,0.3770052322024377,0.07553636415643959,0.2877419989210834,1,1,True
global,200,12,0.9241743081502976,1.3969755551838252,1.1957382201814382,0.00270524610466853,0.007361660922082099,0.0019365021060175618,0.0061565824340423445,0.6488517945180334,0.3770052322024377,0.07938615218609289,0.27320508265449095,1,1,True
global,200,13,0.9047188107227048,1.5131736749549443,1.3077508280266446,0.003068652809743002,0.008180871391659553,0.002027958099280556,0.006255680528992082,0.6488517945180334,0.3770052322024377,0.12926875913013325,0.28147286655252957,1,1,True
global,200,14,0.9086897619538095,1.905104979101225,1.5785452338896235,0.0037222709841524125,0.009445541224041674,0.001953840352623757,0.005983700068427772,0.6488517945180334,0.3770052322024377,0.1708696301144858,0.34514630943161373,1,1,True
global,200,15,0.8364958642001215,2.189940671966695,1.7703325370014078,0.005389966166846055,0.012137885380004041,0.002461238441681413,0.006856274245833617,0.6488517945180334,0.3770052322024377,0.359422548567754,0.28148588618419007,1,1,True
global,200,16,0.7646850803474207,2.478455847649214,1.8322005070910432,0.007680743742261844,0.014512323567082631,0.0030990036596967984,0.007920707101060477,0.6488517945180334,0.3770052322024377,0.45176823103635244,0.22078312573490771,1,1,True
global,200,17,0.6384202267646788,3.469395916179647,2.0315599083391347,0.015471974239014372,0.023757338302063398,0.004459558555096088,0.011694136217467385,0.6488517945180334,0.3770052322024377,0.6479492377728182,0.1735645684017486,1,1,True
global,200,18,0.5164547143537733,9.598232858853347,2.8125680769130343,0.05512000135136611,0.0633476404730282,0.005742723911988006,0.022523060328038746,0.6488517945180334,0.3770052322024377,0.892991493349706,0.3485361163414229,1,1,True
global,200,19,0.4872817693676279,13.89928196756686,3.2580041294616318,0.09176393491212308,0.10538060144700641,0.006602062978954503,0.03234514053989858,0.6488517945180334,0.3770052322024377,0.9256665965582902,0.3870375732756676,1,1,True
global,200,20,0.3820217819498001,20.556517756799614,3.897024426592072,0.14591622476055285,0.15725799922931535,0.007098294880818867,0.04035335220283355,0.6488517945180334,0.3770052322024377,0.9313970953161763,0.3910171664780097,1,1,True
global,200,21,0.3539772189139956,26.84681442380922,4.642256569894244,0.2002921755432176,0.21052461896925942,0.0074605564884296875,0.04534963024976782,0.6488517945180334,0.3770052322024377,0.9248400038250933,0.4299312822416392,1,1,True
global,200,22,0.2774372838575887,35.48069732353563,5.58603579307413,0.2707769901600308,0.26657638759025704,0.007631670473973877,0.04772192615034313,0.6488517945180334,0.3770052322024377,0.9315394981005941,0.4034521566878308,1,1,True
global,200,23,0.23896507363572042,43.64675663155453,6.745464262168609,0.3434692734165311,0.33580874209661854,0.007869296596673557,0.04978289544575527,0.6488517945180334,0.3770052322024377,0.9330988089541357,0.370983253078317,1,1,True
global,200,24,0.17459904916475552,52.02724758308773,7.87093348689833,0.4114849113463902,0.399430269409991,0.007909027105253782,0.050747509183614384,0.6488517945180334,0.3770052322024377,0.9373323766652932,0.3113879885788102,1,1,True
global,200,25,0.21282826343749597,59.04375336522507,9.404591743780331,0.46761690371053105,0.47292912952007454,0.00791983702015026,0.050287045137588596,0.6488517945180334,0.3770052322024377,0.9271711311054094,0.38407574511415754,1,1,True
global,200,26,0.2452451695008305,66.65591458939906,10.483588233914013,0.522868237906592,0.5271058242745063,0.007844288704572794,0.0502791422663224,0.6488517945180334,0.3770052322024377,0.9256715921641618,0.43431752540588825,1,1,True
global,200,27,0.15020020545503596,36.580087646912794,5.374982081746909,0.2721767053716825,0.2639268414847474,0.007440570071861297,0.0491028318738077,0.6488517945180334,0.3770052322024377,0.9157261809512498,0.3377500320098531,1,1,True
global,500,0,0.9986691963963401,0.15004410981858007,0.15129319375196137,0.000323862948046271,0.0005734934164500113,0.002158451594253564,0.0037906094929176315,0.6580217223177928,0.3775078059367359,0.4519123607690969,0.3989956893712966,1,1,True
global,500,1,0.9978947664452671,0.2265017025064774,0.22840720810882784,0.0005672457400547309,0.0009233123012549713,0.002504377378966982,0.0040423956358463355,0.6580217223177928,0.3775078059367359,0.5748590114718098,0.48974077036302033,1,1,True
global,500,2,0.9973813925598092,0.26418245344011637,0.26745165342948457,0.0006339123666933054,0.0010882090450211772,0.002399524867903453,0.004068806571457936,0.6580217223177928,0.3775078059367359,0.47142801890771474,0.44769918625120736,1,1,True
global,500,3,0.9967151577944054,0.3199495849351933,0.32572590472961627,0.0007466113687316764,0.0013033540372059127,0.002333528167829643,0.004001382813834907,0.6580217223177928,0.3775078059367359,0.4153795298123487,0.4245356396900348,1,1,True
global,500,4,0.991943305358483,0.39248092664476353,0.3948094655253806,0.0011107481756360272,0.0016318523801312137,0.002830069183569195,0.004133265594227018,0.6580217223177928,0.3775078059367359,0.12528758120222408,0.2676720653045366,1,1,True
global,500,5,0.9667099066008309,0.6038457940471036,0.5613344220043207,0.0012540477328621673,0.0019992263486847263,0.002076768183574272,0.0035615602220619527,0.6580217223177928,0.3775078059367359,0.11302719646740944,0.3152008861769552,1,1,True
global,500,6,0.9636181617269612,0.6485009729169882,0.594947867436109,0.001266258881704215,0.002262161041942899,0.001952593649950165,0.0038022844786242235,0.6580217223177928,0.3775078059367359,0.14504812315083493,0.31883977889182935,1,1,True
global,500,7,0.9598576235988915,0.7508026290134293,0.6794833544948022,0.001613956399057688,0.0027282425485568064,0.00214964137935753,0.004015172013426676,0.6580217223177928,0.3775078059367359,0.06450736704844275,0.33330830325005584,1,1,True
global,500,8,0.960686369910145,0.8807504300085292,0.7864101771246321,0.0019428438873299759,0.0032094434253539766,0.002205896041755167,0.004081131601181372,0.6580217223177928,0.3775078059367359,0.10649454496476157,0.36001099124787517,1,1,True
global,500,9,0.9653277444484719,1.2314767984031316,1.1070087833185696,0.0021025170379088,0.004514894086398915,0.0017073135609498736,0.004078462749739214,0.6580217223177928,0.3775078059367359,0.01891863282342966,0.39685141638498617,1,1,True
global,500,10,0.960448395092643,1.2643357156885524,1.1225022986031055,0.0021653783279663706,0.004985939858350249,0.0017126608867385463,0.004441808150018924,0.6580217223177928,0.3775078059367359,0.047993110457890446,0.48738736629809215,1,1,True
global,500,11,0.9610706505904567,1.5019272952450895,1.3047819867002544,0.002438971591497518,0.005975678869492254,0.0016238945781323713,0.004579829374104501,0.6580217223177928,0.3775078059367359,0.03978784549409739,0.5301876313759646,1,1,True
global,500,12,0.9408795266691236,1.5904448125699402,1.3338305545262281,0.002546224253976076,0.006418417250086789,0.0016009510256830147,0.004812018459396133,0.6580217223177928,0.3775078059367359,0.07926692130515604,0.5193296872786888,1,1,True
global,500,13,0.9288014494838429,1.7047896244767444,1.4663080985333343,0.002871634395041225,0.0069376717662816365,0.0016844508869665506,0.004731387471174032,0.6580217223177928,0.3775078059367359,0.14229283471186793,0.4869315613874781,1,1,True
global,500,14,0.9287043152988401,2.1121060368157454,1.7612240190540118,0.0034376191190365122,0.00821047576758085,0.0016275788521579804,0.004661800928646691,0.6580217223177928,0.3775078059367359,0.2431073499328347,0.5351989534677484,1,1,True
global,500,15,0.8704763574853663,2.390081890329941,1.9493834033482722,0.004659767031585697,0.011191960101723715,0.0019496265171660859,0.0057412821318270895,0.6580217223177928,0.3775078059367359,0.3935106869843564,0.4146796465501112,1,1,True
global,500,16,0.7987935546014839,2.6244574899716966,1.9601182087655589,0.006884722958344608,0.014200748606005004,0.0026232937605778694,0.007244842960235718,0.6580217223177928,0.3775078059367359,0.5100448408064469,0.3033690714974529,1,1,True
global,500,17,0.6735407981542346,3.5326401221851356,2.137895939802758,0.014955913962601415,0.023631707939202263,0.004233636443372088,0.01105372225992558,0.6580217223177928,0.3775078059367359,0.6678079008136933,0.24415434833368316,1,1,True
global,500,18,0.5207973049450396,9.554803175798058,2.8529009065705133,0.05487465345970061,0.06628816646688873,0.0057431484929690605,0.02323535539359973,0.6580217223177928,0.3775078059367359,0.9108893519747265,0.36931144318577197,1,1,True
global,500,19,0.4945537243977906,13.758518560057624,3.2758099127416545,0.09088195270197677,0.10959041509841078,0.006605504241264485,0.03345444882871431,0.6580217223177928,0.3775078059367359,0.9373280446942324,0.42066424871937147,1,1,True
global,500,20,0.42056697372953417,20.387665045474556,3.941091827240702,0.14374858406485438,0.16123100170624302,0.007050762495078475,0.040910237257558796,0.6580217223177928,0.3775078059367359,0.9445459591106075,0.45640445285613895,1,1,True
global,500,21,0.38690767726883085,26.798292859022386,4.737553513507405,0.1970842518975018,0.2119489975758736,0.0073543584635895175,0.04473806933717548,0.6580217223177928,0.3775078059367359,0.9409005654666016,0.49354929194068925,1,1,True
global,500,22,0.3099144403596138,35.61652247081637,5.660200689455723,0.269635876857974,0.2672709262625186,0.007570527894151078,0.047219337427454176,0.6580217223177928,0.3775078059367359,0.9467154647452493,0.45815553417063803,1,1,True
global,500,23,0.27206002392947676,43.80478921519024,6.89358274840992,0.34216578719190205,0.3367235560591211,0.007811150180657617,0.048845943879732207,0.6580217223177928,0.3775078059367359,0.946633049137068,0.42219002538860795,1,1,True
global,500,24,0.21315751344376488,52.211773455576385,7.938329045591268,0.41193497479906416,0.39988430331569313,0.007889695130726654,0.05037386344394202,0.6580217223177928,0.3775078059367359,0.9502681707324607,0.3637267340338503,1,1,True
global,500,25,0.2494712274540414,59.30780739832405,9.619217002434155,0.4671885307627541,0.47245185434838405,0.007877352936435754,0.049115417006272914,0.6580217223177928,0.3775078059367359,0.9420577844863036,0.4360720666555708,1,1,True
global,500,26,0.28268459554521946,67.08994494446115,10.708182196492013,0.5239002341373862,0.5243065151240562,0.0078089232979857825,0.048963167184045336,0.6580217223177928,0.3775078059367359,0.9406860439250067,0.486607869867894,1,1,True
global,500,27,0.2041329002869917,37.095752801741924,5.292805961381209,0.2768907319086587,0.2620876690114151,0.007464216547605865,0.0495177172418051,0.6580217223177928,0.3775078059367359,0.9354542621539615,0.38707077610425544,1,1,True
perlayer,50,0,0.9874375308739373,0.987596922129618,1.0016921274174908,0.9999996284657053,1.0000000646910303,1.012558470017649,0.9983107956225803,0.2347290230024074,0.22562636008591236,-0.15803304530385448,-0.05890486117248708,-1,-1,True
perlayer,50,1,0.9882128264243838,1.0233045105185856,1.030077015088846,0.999999818180009,1.000000092720803,0.9772260435686282,0.9708012877411415,0.22174777653530353,0.21897873730516304,0.024713670744864292,0.06127455210209823,1,1,True
perlayer,50,2,-0.8447610900026992,1.0920139665977584,0.9822481611244169,0.999999833255108,0.9999997767879544,0.9157390508206351,1.0180724346108385,0.20486984109197617,0.19693331648402365,0.2519917959873279,-0.19557371793268968,1,-1,False
perlayer,50,3,0.9799035374509573,0.9577163647068361,0.9558526692881202,1.000000223223922,0.9999994774965321,1.0441507110824293,1.0461857874407472,0.2242612049565703,0.22131762966510285,-0.2878032709799413,-0.29397024672807004,-1,-1,True
perlayer,50,4,0.9487091381143492,1.1094805364116624,1.1318896114404853,1.0000002978737303,0.9999995210188376,0.9013229750816373,0.8834779566058572,0.19123530326318594,0.17534653488274946,0.115510051972053,0.15814603090412066,1,1,True
perlayer,50,5,0.9282974297313222,1.0851880388200508,1.0551404135699174,1.000000022038037,1.0000000495966235,0.921499303591071,0.9477412074600249,0.14734847196397008,0.14378934719850062,-0.11248671764556734,-0.16411896424539887,-1,-1,True
perlayer,50,6,-0.18456206245170906,1.2091150592562097,1.0922403446088411,1.0000004595287482,0.9999998290913865,0.8270515298551497,0.915549250700414,0.1318708135347437,0.1334374360244049,0.10060050384249952,-0.1235243862317725,1,-1,False
perlayer,50,7,0.8186255015948857,1.0739916792963033,1.1661354829059853,0.9999996845558919,0.9999997231994827,0.9311056163964956,0.857533054999325,0.12485608631142538,0.12433558879991508,-0.22623333598208023,-0.05385854663549959,-1,-1,True
perlayer,50,8,-0.27657669554140457,1.0540026785036203,1.3145185447879428,0.9999999371508584,1.0000002993106367,0.9487641327160287,0.7607350259725366,0.13140122601146523,0.13420137044498467,-0.31970023544026,0.12120337650936036,-1,1,False
perlayer,50,9,0.17035090989030088,1.056600970496152,1.7647440242465662,1.0000002734092417,0.999999927366478,0.9464313410006313,0.5666543779874333,0.18183165868609755,0.16209344341309234,-0.5474989289214456,0.39384206919071774,-1,1,False
perlayer,50,10,0.2324206121813047,0.9918799054791364,1.8794126641888729,1.0000002566680086,0.9999994875465023,1.0081868290142944,0.5320808498319274,0.19432733025983875,0.165874357544884,-0.6219710451405709,0.5063946136133186,-1,1,False
perlayer,50,11,0.4168564097439795,1.1062069989590346,2.020793730795937,1.0000005219770796,0.9999999857068365,0.9039904131126474,0.4948550514915558,0.1849650057029004,0.16202599300224751,-0.6325130361284774,0.47177276464605555,-1,1,False
perlayer,50,12,0.4303863578987194,1.2139407824547608,2.017661775304089,0.9999999414396304,1.0000004305242705,0.8237633630015201,0.4956234205178204,0.16731950249918426,0.15162143580970314,-0.6115846429322273,0.4174721696600355,-1,1,False
perlayer,50,13,0.4216419718901712,1.3593171316575543,2.066191856502346,0.9999999310631277,1.0000003378897946,0.735663450252941,0.48398232465333463,0.15171266026511984,0.13524556022275985,-0.5284406370603584,0.41265569877755204,-1,1,False
perlayer,50,14,0.9189330642316574,2.67272067094487,2.389652203941885,1.0000000810912788,1.0000000322142557,0.37415061437668123,0.4184709517831471,0.16198677939635017,0.15294483220015057,0.5385217718977799,0.5052884498347099,1,1,True
perlayer,50,15,0.6319497429513082,1.9022502931936198,2.5934260322127254,1.0000005547293187,0.9999997797291315,0.5256934685763426,0.3855902452231985,0.1505833508993435,0.13700668464879442,-0.5377435586847256,0.5653844756922933,-1,1,False
perlayer,50,16,0.8207125792526673,3.0667641842631395,2.5719952243342727,1.0000002560850818,0.9999998904678805,0.3260766710451703,0.3888031676756777,0.15268856263585953,0.13308909970356428,0.5131629055590957,0.49786164888151974,1,1,True
perlayer,50,17,0.701150699147112,3.962266516264278,2.772444674626346,0.9999998819133651,1.0000000450302091,0.25238077191642055,0.36069251595254403,0.13556821450962053,0.12207341366780024,0.5729895014956148,0.4606080541160888,1,1,True
perlayer,50,18,0.7372681812995844,9.73806203338229,3.7066780908317853,0.9999999871537129,0.9999995909217005,0.10268983538261423,0.2697832308112029,0.3968831856067959,0.1581811662412221,0.88806072740743,0.5170420673060823,1,1,True
perlayer,50,19,0.7352429271588281,13.778210426835006,4.389513063781374,0.999999616685175,0.9999997661942306,0.07257833823887135,0.22781564872090262,0.5453202426243883,0.24199263795955278,0.9173291168409351,0.6051927929042815,1,1,True
perlayer,50,20,0.6513196664271235,19.770455159243244,5.268790156130356,0.9999997544144361,1.000000149658341,0.050580512505141194,0.18979692111951324,0.6348639369056154,0.3050728832164734,0.9224816688532442,0.6621344607652114,1,1,True
perlayer,50,21,0.6228116203491961,25.440916308858846,6.229766922860289,1.0000001989527216,1.0000000543715748,0.03930676815302085,0.16051965775831017,0.6791933061727274,0.34541353479435677,0.9127825266447658,0.7088320029988264,1,1,True
perlayer,50,22,0.5878728539076091,33.00510254209827,7.350554292032356,0.9999999890002012,1.0000003422843644,0.030298345164196754,0.13604420871611222,0.6943968696843783,0.34575080378587864,0.9190603887488764,0.7087212633466871,1,1,True
perlayer,50,23,0.5689388479893065,40.164341468755126,8.763836974515234,1.0000000202826627,1.0000002240330481,0.024897707362153278,0.11410529736472676,0.7122475850554932,0.3656454926487363,0.9193326569955181,0.7026555180859648,1,1,True
perlayer,50,24,0.5386859726381173,47.52617936570727,9.959717418998247,1.000000086971768,0.9999998036168222,0.02104103675738182,0.1004044353416407,0.716210656867764,0.3788821674934708,0.9239622513143594,0.6624180152046623,1,1,True
perlayer,50,25,0.5295892292892687,53.78310041717315,12.101730229059024,0.9999998026829351,0.9999997292589416,0.01859319739706994,0.08263278971941661,0.7003905986370693,0.3956992839234929,0.9100480047400361,0.7159504400295064,1,1,True
perlayer,50,26,0.5379614543263507,60.62590082399462,13.513003297375624,0.9999998862305973,0.9999998501087232,0.016494598391762216,0.0740027829566899,0.6940756265857387,0.3952923245976506,0.9094428871776367,0.7500763703219692,1,1,True
perlayer,50,27,0.4756951017773564,33.573341716256365,6.902825837587984,1.000000102897941,0.9999997283346241,0.02978553971032727,0.1448681673075571,0.6356537737108526,0.35070212576073645,0.9016207379858339,0.6407715559469258,1,1,True
perlayer,100,0,0.9983400015227673,1.1428883155575067,1.1391463745335242,0.9999999097976037,1.0000002623884783,0.8749760551273102,0.8778505420762756,0.29446705993314715,0.29294263060257664,0.6893705269487509,0.6731287225064938,1,1,True
perlayer,100,1,0.9986177488290661,1.2441763544805897,1.235323076492481,1.00000015921084,1.0000000128693327,0.8037447067769692,0.8095048428211075,0.28586868987689934,0.28954967670283677,0.7531316273539996,0.7257834182549049,1,1,True
perlayer,100,2,0.9969068438802844,1.2593165223760923,1.250555118582847,0.9999998782456456,1.0000002488093582,0.7940814405887686,0.7996450807722715,0.20577883804103003,0.20864887070562785,0.681532927784353,0.6418705671247001,1,1,True
perlayer,100,3,0.9619337580990809,0.8034766655833506,0.8057053003370872,0.9999998018239641,1.0000001963201375,1.2445909690456676,1.2411488368039307,0.19800870215672736,0.19497743966551276,-0.640372292894594,-0.6338242846516705,-1,-1,True
perlayer,100,4,0.9774668224810473,1.0203594344834797,1.0008021237189306,1.0000001708437425,1.000000132813446,0.9800469687918911,0.9991986518748537,0.17423322448477566,0.1754639367983172,-0.1971183495049597,-0.23877707240714066,-1,-1,True
perlayer,100,5,0.9795719089146153,0.9908673214336334,0.9750014960804466,0.9999999048821219,1.0000003925011,1.0092167571287698,1.0256398544219165,0.16197986872864192,0.1610676410035768,-0.3524831133036488,-0.35963041963438824,-1,-1,True
perlayer,100,6,0.9780604953422639,1.0622257948294507,1.0349512726170298,1.000000337356598,0.9999999107293525,0.9414197454291312,0.9662289782983718,0.14055867367156297,0.13983923095215725,-0.2672254386362171,-0.2813548595801727,-1,-1,True
perlayer,100,7,0.8675035382072173,1.2551034678314903,1.2492779181067892,1.0000001851661806,1.000000171156718,0.7967472091316381,0.8004625365284309,0.12292919010096101,0.12529141122987014,-0.059071234478613815,-0.008746753367879874,-1,-1,True
perlayer,100,8,-0.07587657849303067,1.2941550034466456,1.3897839990368188,1.0000001161944414,1.0000001676045895,0.7727050573781354,0.7195363943588597,0.13353096773573422,0.12164974205448154,-0.14129435748067312,0.08637857143224026,-1,1,False
perlayer,100,9,0.9780651245916412,2.0117750343791827,1.8208263905662807,1.0000000962479452,1.0000000404475122,0.49707351923498594,0.5492012009648598,0.2079997174369255,0.20059333281969538,0.46055440050533936,0.36201056654964925,1,1,True
perlayer,100,10,0.9737739101120401,2.121650143478011,1.9332811607888651,1.0000002473909089,0.9999999625593013,0.4713313599157367,0.5172553184924518,0.2002399887734944,0.18439669695243738,0.5376904209924737,0.4573933369676874,1,1,True
perlayer,100,11,0.9730908363285365,2.4645733256606324,2.229572232384559,0.9999999693769285,0.9999998772768313,0.40574973321553626,0.4485164744841289,0.19400851200257355,0.18249998645955198,0.6135295266389331,0.5550346553465573,1,1,True
perlayer,100,12,0.9616110023355232,2.541892419968976,2.275995572295118,0.9999996930967956,0.9999999030595659,0.3934075593604393,0.4393681232214192,0.1800555370544852,0.1732594957318785,0.6071253055090392,0.5651110941591049,1,1,True
perlayer,100,13,0.9513605334795088,2.6966726595550936,2.4312696838556844,0.9999996027644277,0.999999989851202,0.3708272115346069,0.41130771978587305,0.16704342234779357,0.1633249119345498,0.5860338350082891,0.5400815723244011,1,1,True
perlayer,100,14,0.9500353539974263,3.187709666933851,2.7418754266080563,1.0000003040575547,1.0000000849273147,0.3137049507458503,0.364713901741482,0.16836207823116606,0.16598265362216988,0.612758000990606,0.5600074484298744,1,1,True
perlayer,100,15,0.9213319255662091,3.451093991482051,2.8869300501942807,0.9999999552564157,0.999999843219412,0.28976317588700967,0.3463886640246498,0.16111927297174883,0.15993413679961244,0.5712031617735979,0.49994563432853273,1,1,True
perlayer,100,16,0.8737405163545987,3.7022190030053213,2.8686962677995202,1.0000002272375221,0.9999998348829923,0.27010833946499646,0.3485903495980975,0.14788728385384767,0.14855249302999798,0.579097166928702,0.44826669861154755,1,1,True
perlayer,100,17,0.42857434665163724,4.815775375136068,2.322176098639242,0.9999999333242992,1.000000254838845,0.20765086729072044,0.43063067242179826,0.14487807397787072,0.12457210497388257,0.7151899878986135,-0.35606888889097316,1,-1,False
perlayer,100,18,0.40240938533717957,11.415941132167609,3.1515111991324574,0.9999999292061695,1.0000002152413408,0.08759680149264172,0.31730815854838756,0.3764376757738102,0.21518286176670054,0.9154223649509874,-0.3857266915000998,1,-1,False
perlayer,100,19,0.4246741489406374,15.882188511691137,3.6287548612531975,1.0000000551952728,1.0000002483423238,0.06296361829852079,0.2755766885826429,0.5036089302148488,0.32655634798191396,0.9435751654860233,-0.49040070490162463,1,-1,False
perlayer,100,20,0.3623681181979045,22.975917801087306,4.40687681169426,0.9999998566392382,1.0000001427242817,0.043523826351429346,0.22691810673505608,0.6078688110957767,0.3944805004089493,0.9517948493107512,-0.5618653258826543,1,-1,False
perlayer,100,21,0.3209903851677352,29.91789614392634,5.413114045991743,1.0000000669213234,1.000000117362303,0.03342481243034646,0.1847365691662777,0.6660077423459531,0.44856745005529286,0.9513036083601847,-0.6025093092265029,1,-1,False
perlayer,100,22,0.20923336666635542,39.765136968367024,6.620543094356758,0.9999998363047767,0.999999885754542,0.025147652253788837,0.15104499306211383,0.710745246842113,0.45114106675206,0.9564051075151909,-0.559252393618702,1,-1,False
perlayer,100,23,0.18436533171816905,48.833471646624766,8.196002384520085,1.0000002205354583,1.000000037698395,0.020477762215469594,0.12201070604702488,0.7320954268548404,0.4762370477595258,0.9575093271870713,-0.5234056389673681,1,-1,False
perlayer,100,24,0.12552994437562084,58.298411982204165,9.60706388394151,1.000000092980354,0.9999999760499206,0.01715312748631315,0.10409007248525223,0.7463355119541071,0.4844579184058243,0.9606432324399594,-0.4623251803904255,1,-1,False
perlayer,100,25,0.1825486479262293,66.17536596875433,11.508712170313125,1.0000000537799842,1.0000000780248033,0.01511136416309581,0.08689070186361222,0.7350945905572214,0.5059128874335584,0.9546008690705448,-0.525485559781265,1,-1,False
perlayer,100,26,0.22122370057082744,74.60257628216957,12.73288285610996,0.9999999128240249,0.9999999743746781,0.013404361654237274,0.07853680786003787,0.7293945651123117,0.5047539788584553,0.9537028740378676,-0.5707446038309907,1,-1,False
perlayer,100,27,0.09749078125718712,41.83742234857441,6.259893344151568,1.0000001772676703,1.000000065799489,0.023902050392493764,0.15974714117673575,0.6819792971065788,0.4723429982997149,0.9548946702112862,-0.4701786129240844,1,-1,False
perlayer,200,0,0.9976450635765396,1.109676704216903,1.1064364218182516,1.000000262286459,1.0000000524827455,0.9011636078204937,0.9038025437009792,0.2719908978270265,0.2698759294809551,0.6025111948702594,0.5875565464718546,1,1,True
perlayer,200,1,0.9984552115672088,1.200882650472093,1.194568669330418,0.999999882836104,1.0000003839053802,0.8327207345721768,0.8371225611214986,0.27308551337653447,0.27014482002013174,0.7241428505513948,0.7006381704335393,1,1,True
perlayer,200,2,0.9839712245225056,0.882872695443478,0.8781895666195405,0.9999996292061317,0.9999998379879619,1.13266571088578,1.1387061245071628,0.20674163981034707,0.20439869661298835,-0.5229442529599759,-0.534307579540106,-1,-1,True
perlayer,200,3,0.9865599409398337,0.9231172018430922,0.9189236801725942,0.9999996966912434,0.9999996390840488,1.0832857352182885,1.088229262843925,0.216599374058563,0.2122434493573001,-0.38679174976362923,-0.3976467535578337,-1,-1,True
perlayer,200,4,0.9715908502713938,0.9365354109695484,0.9357453257612968,1.0000003365839372,1.0000001154609839,1.0677656443857118,1.0686669630408372,0.1599664687004022,0.1580421002119564,-0.356664731301205,-0.3574496909546431,-1,-1,True
perlayer,200,5,0.9793849736055129,0.9960625511523291,0.9803833763104739,0.999999425847856,1.000000571110659,1.003952437214884,1.0200097179064902,0.14201439567513718,0.14233310532355717,-0.3104595923056487,-0.3158725978942199,-1,-1,True
perlayer,200,6,0.9766401207864562,1.029723447221224,1.023087228204437,1.0000000177593218,0.9999999402296924,0.9711345511825404,0.9774337052225119,0.12720295011926996,0.1263924272030976,-0.28095380294832056,-0.25989837797232473,-1,-1,True
perlayer,200,7,-0.31833330098202417,1.340269309803829,1.1447421882065372,1.0000003771605759,1.0000002890742234,0.7461189850769192,0.8735593912555278,0.10999405940711754,0.1204046694233463,0.16040419781554477,-0.09985898115404852,1,-1,False
perlayer,200,8,-0.10066249824069988,1.4997690661476404,1.1395690395783844,1.000000656541756,0.9999997208047048,0.6667697575003283,0.8775244729136225,0.1193632155010887,0.12362462603025469,0.2659189843906582,-0.1997128821200048,1,-1,False
perlayer,200,9,0.9518491425119029,1.1594495669682319,1.1671007430962983,1.0000002420990683,0.9999999088333033,0.8624784299276621,0.8568239843463047,0.18209610179072808,0.18604012506344952,-0.41684513256156586,-0.3357756069206429,-1,-1,True
perlayer,200,10,-0.03819993868267299,1.8229473378695096,1.112192305150806,1.0000001269111602,1.000000564536831,0.5485622684415375,0.8991255917754596,0.2060094462968347,0.20431727347448825,0.48377537613208726,-0.3822433568258452,1,-1,False
perlayer,200,11,0.9748386276152222,2.024590462366879,1.8249450860320875,1.0000001823923677,0.9999997325978418,0.49392714278783173,0.5479615470359742,0.22482284921218323,0.2185865603488896,0.5157862932937999,0.4184998860452783,1,1,True
perlayer,200,12,0.9597321866022738,2.050508776604249,1.8366883678067778,0.9999995007022846,1.0000002146004334,0.4876835993642205,0.5444582935942212,0.21735827349015904,0.204832026647785,0.4487728881738111,0.39728772407962515,1,1,True
perlayer,200,13,0.9478904151617678,2.155729053312438,1.9561974375892592,0.9999999835443375,1.000000057057594,0.46388018104954476,0.5111958730965085,0.20046798282570485,0.19001079674607613,0.44907001835167626,0.4299654448526437,1,1,True
perlayer,200,14,0.947287309411612,2.5352795725833004,2.23082247226787,0.9999998913373981,1.0000004126226347,0.3944337745436323,0.44826534834303833,0.20255405958995298,0.19680777107504238,0.47274535675939716,0.4745636845598927,1,1,True
perlayer,200,15,0.8963653845019633,2.7949270605953536,2.3959802394260064,1.0000001167209582,1.0000005097853664,0.35779113194744555,0.4173659253654495,0.18837050021485058,0.1777661670999363,0.46258807851076406,0.4581141087496912,1,1,True
perlayer,200,16,0.8376276192489684,3.070645107151486,2.4334941804318255,1.0000003232948158,1.00000003203367,0.3256645715800338,0.4109317540493231,0.1741325952331127,0.16345502912248727,0.4653279669098264,0.4310869486997293,1,1,True
perlayer,200,17,0.7075194090025195,4.072986109489167,2.6014009807575813,1.0000001771427147,1.0000003619250362,0.2455201540739196,0.384408389680016,0.15626125210010167,0.14198349743747288,0.5235240249437021,0.4087535041018428,1,1,True
perlayer,200,18,0.6423475974982585,10.467225884669682,3.31153133104759,1.0000004380170493,0.9999997087054092,0.09553633876208324,0.30197501057284676,0.31148975358938874,0.15039664530016078,0.9100348385348808,0.3912216396344529,1,1,True
perlayer,200,19,0.6072870425751918,14.749633756923576,3.740139010420062,1.0000003819543082,0.9999997655343915,0.06779831949962156,0.2673696787066959,0.45946101533824707,0.24215091465352717,0.9308080923200495,0.4116392859580752,1,1,True
perlayer,200,20,0.4862487735209683,21.35659914301668,4.347970415307577,0.999999541778383,0.9999997983605758,0.04682391307163572,0.22999231890813948,0.5699740459177282,0.29851158710747944,0.9330251597569951,0.4192898688055818,1,1,True
perlayer,200,21,0.43746488074323286,27.58707189174584,5.07822377077684,1.0000001806100982,1.0000001753849384,0.036248869924803515,0.1969192813320953,0.6211450093790425,0.34937652356529697,0.9229169778642361,0.4513550678074576,1,1,True
perlayer,200,22,0.3515680677395409,36.16207652999684,5.957419448609835,0.9999997870004984,0.9999997190008307,0.027653273344825417,0.16785786658587232,0.6535618503946748,0.3634060582037166,0.931937359654034,0.414331300271787,1,1,True
perlayer,200,23,0.30180822392399204,44.25999899232713,7.0437363883729,1.0000002295059747,1.0000005323097707,0.022593769820901572,0.14197018133166825,0.6796029228327338,0.39289367129555114,0.9324326366529059,0.36844529265420234,1,1,True
perlayer,200,24,0.22758431978944887,52.579992033480245,8.090789410554684,1.000000113634784,1.0000003590338535,0.019018643308238527,0.12359737823967118,0.6892223262895251,0.4077811058417566,0.9374882557691532,0.2968402504259223,1,1,True
perlayer,200,25,0.24846855064522694,59.53741106738388,9.635971040007169,1.0000000148894985,1.0000002368589123,0.016796162227438946,0.1037778375118662,0.675813666341348,0.4234235424517087,0.9262858976986849,0.37860832415653495,1,1,True
perlayer,200,26,0.2726736388030749,67.09815971810563,10.71422898551821,1.0000005597813229,1.0000008273371577,0.0149035467437937,0.09333390472509032,0.6689330113842047,0.42420656437401566,0.9254731348319543,0.4323163380004044,1,1,True
perlayer,200,27,0.23812046334627168,37.253087607856116,5.667983184337498,0.9999999464377904,0.9999999472395212,0.026843411127804223,0.17642958962949115,0.6123126314878189,0.4007416758552765,0.9203498986127606,0.30743828999106704,1,1,True
perlayer,500,0,0.9985978454787137,0.9272623599607829,0.9270152474162662,0.9999997750427292,0.9999996914328606,1.078443187411406,1.0787305755973413,0.2410158168047971,0.23838905623823028,-0.542548689405049,-0.5410386312992614,-1,-1,True
perlayer,500,1,0.9974957264822308,0.864166189432648,0.8630012939693419,0.9999997105687465,1.0000002711044074,1.1571844892766256,1.1587471282979702,0.23254221886261534,0.23084021842289756,-0.672866831209155,-0.6738039356447498,-1,-1,True
perlayer,500,2,0.9959146886258775,0.8977626969003613,0.8993268306816885,1.0000001238650607,1.0000003351463675,1.113880235075134,1.1119431790869274,0.1974053580971438,0.1968194436221761,-0.4995709911038045,-0.491605984028468,-1,-1,True
perlayer,500,3,0.9933043356190686,0.8840647345754579,0.8871002561656218,0.9999998649714436,0.9999998687955155,1.1311387343729524,1.1272681546930083,0.20821051447093064,0.2054276528076092,-0.5015009231263324,-0.49018713288557203,-1,-1,True
perlayer,500,4,0.9728317749177756,0.947522324549428,0.9697726033106893,1.0000004668993994,0.9999996553355368,1.055384597270493,1.0311692162901447,0.1665108513278442,0.15920295917185176,-0.3264170907336911,-0.2726729530494941,-1,-1,True
perlayer,500,5,0.981083418121792,0.9481381133857385,0.9140399694170945,1.0000006995024031,0.999999901425568,1.0546994002081267,1.0940439530924366,0.1595646466997724,0.1607292277076419,-0.38553096424001515,-0.42706933832075494,-1,-1,True
perlayer,500,6,0.9685619909395226,1.0026342456872743,0.9664784990340857,0.9999998754490899,1.0000001238170348,0.9973725511077285,1.034684294390875,0.13859543774012464,0.140298066797827,-0.32008933052217764,-0.35257837073875226,-1,-1,True
perlayer,500,7,-0.29782544450784443,1.008387755170149,1.3420289468263307,0.9999997180892811,0.9999999762481109,0.9916817344936397,0.745140392547374,0.11927789736575875,0.12327767185774059,-0.36412797022390464,0.250958710709145,-1,1,False
perlayer,500,8,0.9742978351718078,1.2298760932816468,1.191716036002263,0.9999999728459092,0.9999999968061682,0.8130900163915171,0.8391260724834866,0.12606143541715342,0.127166299222209,-0.14920247555920133,-0.12507429651776247,-1,-1,True
perlayer,500,9,0.9605927345207983,1.085332927019519,1.0349596905610619,1.0000002521671896,0.999999840058315,0.9213764986503586,0.9662210510983333,0.19856610758737034,0.19882558274955375,-0.5434655808768605,-0.5204199234410466,-1,-1,True
perlayer,500,10,0.9779944936890727,2.0462849722323497,1.8918292316531529,0.9999996062868542,1.000000247748062,0.4886902947813406,0.5285890666115902,0.21695552232310766,0.21113659323058998,0.6284482746195279,0.5912494472293073,1,1,True
perlayer,500,11,0.9773068314756778,2.2941263477308516,2.0719113497317068,1.0000005398123717,1.0000002307602802,0.43589601802075306,0.48264624395719,0.2217280757195353,0.21470169958053675,0.6683604975132162,0.6141050381233462,1,1,True
perlayer,500,12,0.9629044903632197,2.352257097149207,2.0893773445265325,0.9999999976758248,1.0000000931317725,0.42512359677339867,0.4786115326422186,0.21126569389120545,0.20490331146713223,0.630170909976189,0.599519399656001,1,1,True
perlayer,500,13,0.9539995652527927,2.453326535762501,2.2178332627644815,0.9999994426598765,0.9999997301296497,0.40760959785937084,0.4508904014196142,0.19186735918937112,0.18594617619304893,0.620140028716343,0.607914724263822,1,1,True
perlayer,500,14,0.6677543189777692,1.6495720534803802,2.5146506432147477,1.0000000311153967,1.000000118462611,0.6062178545068875,0.3976696012071894,0.19718199240277662,0.18831667095723648,-0.6480379781444428,0.6366814402786649,-1,1,False
perlayer,500,15,0.9085800258111706,3.112313505869253,2.6743696600331033,1.0000008842009562,0.9999996305421681,0.3213046765099781,0.373919748450104,0.19026928710715574,0.17168423224775273,0.6244712181353389,0.6094298014186788,1,1,True
perlayer,500,16,0.8515291008463528,3.327210459541897,2.658180225015949,1.000000155515901,0.9999995241573587,0.30055211946333715,0.3761970368850211,0.17860657155903836,0.15591726279290644,0.6106600566506325,0.5728999418665258,1,1,True
perlayer,500,17,0.5930853206814268,2.966026107590158,2.798863196045408,0.9999998293335582,1.0000001021875298,0.3371513914778181,0.35728795305195976,0.15727886420234072,0.1326321016655239,-0.6545734096755838,0.5366306244331852,-1,1,False
perlayer,500,18,0.6419119287727857,10.438219998960424,3.3411861499231104,0.9999999449587434,1.0000000037334698,0.09580176936856444,0.2992949087127284,0.30388488982322726,0.1620063209358892,0.9266575657326258,0.3832241487626337,1,1,True
perlayer,500,19,0.6089423796368104,14.619647802256683,3.7640832225018217,1.0000003027967905,1.0000004715795126,0.06840112130761665,0.26566906533879875,0.45060353074099363,0.26088058302045003,0.9425332451611677,0.4254762317548478,1,1,True
perlayer,500,20,0.5146477642053969,21.20139182306796,4.426016130360213,0.9999997799145763,0.9999999612149277,0.04716670434940675,0.225936809031363,0.5626283643599828,0.3113213828081466,0.9471309176546451,0.4724862549673662,1,1,True
perlayer,500,21,0.46139261435123274,27.556467114526235,5.210532372358388,1.0000003288741313,0.9999998329626955,0.03628913404312945,0.19191893678036512,0.6199314247050912,0.35239979240559316,0.9416376147643551,0.5096480301748219,1,1,True
perlayer,500,22,0.3804438573887522,36.31012458127753,6.061658246939884,0.9999995229170121,1.0000004059780778,0.027540514786133195,0.16497142617416768,0.6619126364499068,0.3639028539016579,0.9475707495276486,0.46380559167608565,1,1,True
perlayer,500,23,0.3324232430615178,44.428022098198845,7.218463379149915,1.000000222586566,1.0000004232052861,0.022508321895948348,0.13853369764176204,0.6881762939967102,0.3951090602471619,0.9460963638683718,0.41631228212088417,1,1,True
perlayer,500,24,0.26564624616982735,52.77099430911839,8.184815639727532,0.9999998328370512,0.9999993600919858,0.018949800850431568,0.12217738359776607,0.7024318490106006,0.4083699060801126,0.9499016857160741,0.3467587707132853,1,1,True
perlayer,500,25,0.28340754511049154,59.80968005583737,9.878549112982029,1.0000000655382306,0.9999999181014962,0.016719702640185442,0.1012294322439854,0.687325645120562,0.422328893544298,0.9412446284908305,0.43356999240082145,1,1,True
perlayer,500,26,0.3088632671167771,67.5381551221554,10.96642838386683,1.0000004921994778,0.999999920290079,0.014806452595437197,0.09118738437769042,0.6803165773707481,0.42033395344985225,0.940414813581286,0.48840599575755583,1,1,True
perlayer,500,27,0.2954437191916685,37.77616982847028,5.615801137303372,1.0000000392511894,0.9999998450412049,0.026471715999580567,0.17806895589636043,0.6251787367427462,0.38806166775912504,0.9379737481418993,0.3513691721960151,1,1,True
